continent,location,total_cases_per_million,total_deaths_per_million,population_density,median_age,gdp_per_capita,life_expectancy,human_development_index
North America,Anguilla,199.973,0,NA,NA,NA,81.88,NA
North America,Bonaire Sint Eustatius and Saba,5720.606,76.275,NA,NA,NA,77.79,NA
Africa,Western Sahara,1282.373,1.674,NA,28.4,NA,70.26,NA
South America,Falkland Islands,3732.415,0,NA,NA,NA,81.44,NA
Europe,Guernsey,3847.76,193.879,NA,NA,NA,NA,NA
Europe,Jersey,4778.724,316.603,NA,NA,NA,NA,NA
North America,Montserrat,2600.52,200.04,NA,NA,NA,74.16,NA
Africa,South Sudan,249.961,4.913,NA,19.2,1569.888,57.85,0.388
Asia,Syria,275.761,13.2,NA,21.7,NA,72.7,0.536
Asia,Taiwan,22.253,0.294,NA,42.2,NA,80.46,NA
Asia,Singapore,9894.121,4.786,7915.731,42.4,85535.383,83.62,0.932
Europe,Gibraltar,14811.077,0,3457.1,NA,NA,79.93,NA
Asia,Bahrain,44824.143,168.079,1935.907,32.4,43290.705,77.29,0.846
Asia,Maldives,20336.995,64.75,1454.433,30.6,15183.616,78.92,0.717
Europe,Malta,8916.54,99.651,1454.037,42.4,36513.323,82.53,0.878
North America,Bermuda,2970.79,144.525,1308.82,NA,50669.315,82.59,NA
Asia,Bangladesh,2315.116,33.864,1265.036,27.5,3523.984,72.59,0.608
North America,Sint Maarten (Dutch part),16766.942,513.036,1209.088,NA,36327.232,78.95,NA
Asia,Palestine,11068.888,89.975,778.202,20.4,4449.898,74.05,0.686
North America,Barbados,730.763,24.359,664.463,39.8,16978.068,79.19,0.8
Africa,Mauritius,320.027,7.863,622.962,37.4,20292.745,74.99,0.79
Asia,Lebanon,8185.404,70.179,594.561,31.1,13367.565,78.93,0.757
North America,Aruba,39609.988,299.721,584.8,41.2,35973.781,76.29,NA
Europe,San Marino,22158.053,1237.551,556.667,NA,56861.47,84.97,NA
Asia,South Korea,485.457,8.543,527.967,43.4,35938.374,83.03,0.903
Europe,Netherlands,11010.411,386.463,508.544,43.2,48472.545,82.28,0.931
Africa,Rwanda,378.932,2.471,494.869,20.3,1854.211,69.02,0.524
Asia,India,5245.917,80.135,450.419,28.2,6426.674,69.66,0.64
Africa,Comoros,570.38,8.05,437.352,20.4,1413.89,64.32,0.503
Africa,Burundi,44.488,0.084,423.062,17.5,702.225,61.58,0.417
Asia,Israel,34344.936,237.42,402.606,30.6,33132.32,82.97,0.903
North America,Haiti,779.388,20.171,398.448,24.3,1653.173,64,0.498
North America,Puerto Rico,19064.331,257.966,376.232,38.2,35044.67,80.1,NA
North America,Curacao,3772.09,6.094,362.644,41.7,NA,78.88,NA
Asia,Philippines,3145.735,58.149,351.873,25.2,7599.188,71.23,0.699
Asia,Japan,712.702,12.951,347.778,48.2,39002.223,84.63,0.909
Asia,Sri Lanka,235.275,0.607,341.955,34.1,11669.077,76.98,0.77
North America,Grenada,222.185,0,317.132,29.4,13593.877,72.4,0.772
Asia,Vietnam,11.434,0.36,308.127,32.6,6171.884,75.4,0.694
North America,El Salvador,4699.207,138.602,307.811,27.6,7292.458,73.32,0.674
North America,United States Virgin Islands,12717.505,191.529,306.48,42.2,NA,80.58,NA
Oceania,Guam,19350.29,361.411,304.128,31.4,NA,80.07,NA
North America,Saint Lucia,157.927,0,293.187,34.9,12951.839,76.2,0.747
North America,Saint Vincent and the Grenadines,576.852,0,281.787,31.8,10727.146,72.53,0.723
Europe,United Kingdom,9352.738,633.68,272.898,40.8,39753.244,81.32,0.922
North America,Trinidad and Tobago,3663.475,66.453,266.886,36.2,28763.071,73.51,0.784
North America,Jamaica,2671.25,49.305,266.879,31.4,8193.571,74.47,0.732
North America,Cayman Islands,3362.751,15.216,256.496,NA,49903.029,83.92,NA
Asia,Pakistan,1450.766,29.883,255.573,23.5,5034.708,67.27,0.562
Europe,Germany,3993.426,115.499,237.016,46.6,45229.245,81.33,0.936
Europe,Liechtenstein,4064.295,26.221,237.012,NA,NA,82.49,0.916
Asia,Kuwait,26398.627,157.356,232.128,33.7,65530.537,75.49,0.803
North America,Antigua and Barbuda,1133.486,30.635,231.845,32.1,21490.943,77.02,0.78
Europe,Luxembourg,15719.453,212.468,231.447,39.7,94277.965,82.25,0.904
Asia,Qatar,44568.666,76.361,227.322,31.9,116935.6,80.23,0.856
North America,Dominican Republic,10970.599,201.237,222.873,27.6,14600.861,74.08,0.736
Europe,Switzerland,7594.327,208.79,214.243,43.1,57410.166,83.78,0.944
Africa,Uganda,217.42,2.077,213.759,16.4,1697.707,63.37,0.516
North America,Saint Kitts and Nevis,357.197,0,212.865,NA,24654.385,76.23,0.778
Africa,Sao Tome and Principe,4238.893,68.443,212.841,18.7,3052.714,70.39,0.589
Africa,Nigeria,294.242,5.414,209.588,18.1,5338.454,54.69,0.532
Africa,Seychelles,1504.983,0,208.354,36.2,26382.287,73.4,0.797
North America,British Virgin Islands,2348.117,33.072,207.973,NA,NA,79.07,NA
Africa,Gambia,1504.553,48.828,207.566,17.5,1561.767,62.05,0.46
Europe,Italy,6044.591,599.486,205.859,47.9,35220.084,83.51,0.88
Asia,Nepal,3959.185,22.755,204.43,25,2442.804,70.78,0.574
Africa,Malawi,304.601,9.462,197.519,18.1,1095.042,64.26,0.477
Europe,Kosovo,8383.805,330.096,168.155,NA,9795.834,NA,NA
Europe,Andorra,38762.7,737.721,163.755,NA,NA,83.73,0.858
North America,Guatemala,5491.314,190.337,157.834,22.9,7423.808,74.3,0.65
Europe,Isle of Man,4069.056,282.247,147.872,NA,NA,81.4,NA
Asia,China,63.125,3.293,147.674,38.7,15308.712,76.91,0.752
Asia,Indonesia,1245.311,43.971,145.725,29.3,11188.744,71.72,0.694
Africa,Togo,238.201,6.04,143.366,19.4,1429.813,61.04,0.503
Europe,Czech Republic,12115.717,103.278,137.176,43.3,32605.906,79.38,0.888
Europe,Denmark,5714.751,116.363,136.52,42.3,46682.515,80.9,0.929
Africa,Cape Verde,13047.044,138.492,135.58,25.7,6222.554,72.98,0.654
Asia,Thailand,52.321,0.845,135.132,40.1,16277.671,77.15,0.755
Europe,Cyprus,2337.027,28.542,127.657,37.3,32415.132,80.98,0.869
Africa,Ghana,1516.625,9.977,126.719,21.1,4227.63,64.07,0.592
Europe,Poland,3574.376,81.936,124.027,41.8,27216.445,78.73,0.865
Europe,Moldova,15685.568,370.603,123.655,37.6,5189.972,71.9,0.7
Europe,France,11589.265,504.539,122.578,42,38605.671,82.66,0.901
Oceania,Northern Mariana Islands,1337.804,34.748,119.878,NA,NA,76.74,NA
Asia,Azerbaijan,4179.926,60.36,119.309,32.4,15847.419,73,0.757
Europe,Slovakia,3825.525,11.173,113.128,41.2,30155.152,77.54,0.855
Asia,United Arab Emirates,10981.153,45.296,112.442,34,67293.483,77.97,0.863
Europe,Portugal,8740.175,206.93,112.371,46.2,27936.896,82.05,0.847
North America,Cuba,531.227,10.859,110.408,43.1,NA,78.8,0.777
Asia,Jordan,2756.7,22.052,109.285,23.2,8337.49,74.53,0.735
Europe,Hungary,4221.586,105.897,108.043,43.4,26777.561,76.88,0.838
Europe,Austria,6413.439,97.597,106.749,44.4,45436.686,81.54,0.908
Africa,Ethiopia,745.61,11.351,104.957,19.8,1729.927,66.6,0.463
Asia,Turkey,4016.869,106.202,104.914,31.6,25129.341,77.69,0.791
Europe,Albania,5473.626,149.072,104.871,38,11803.431,78.57,0.785
Africa,Sierra Leone,289.458,9.026,104.7,19.1,1390.3,54.7,0.419
Asia,Armenia,19783.79,350.63,102.931,35.7,8787.58,75.09,0.755
Europe,Slovenia,4440.261,70.709,102.619,44.5,31400.84,81.32,0.896
Africa,Benin,198.875,3.382,99.11,18.8,2064.236,61.77,0.515
North America,Dominica,444.5,0,98.567,NA,9673.367,75,0.715
Africa,Egypt,1023.966,59.325,97.999,25.3,10550.206,71.99,0.696
Asia,Malaysia,521.535,5.036,96.254,29.9,26808.164,76.16,0.802
North America,Costa Rica,17714.17,220.647,96.079,33.6,15524.995,80.28,0.794
Asia,Cambodia,16.927,0,90.672,25.6,3645.07,69.82,0.582
Asia,Iraq,10177.338,247.871,88.125,20,15663.986,70.6,0.685
Africa,Kenya,779.914,14.636,87.324,20,2993.028,66.7,0.59
Asia,Timor,21.996,0,87.176,18,6570.102,69.5,0.625
Europe,Romania,8340.974,287.717,85.129,43,23313.199,76.05,0.811
Europe,Greece,2212.403,44.325,83.479,45.3,24574.382,82.24,0.87
North America,Honduras,8566.922,255.235,82.805,24.9,4541.795,75.27,0.617
Europe,Macedonia,10172.412,383.991,82.6,39.1,13111.214,75.8,0.757
Africa,Senegal,914.182,18.813,82.328,18.7,2470.58,67.94,0.505
Asia,Myanmar,559.403,12.737,81.721,29.1,5591.597,67.13,0.578
Asia,Brunei,333.727,6.857,81.347,32.4,71809.251,75.86,0.853
Europe,Serbia,5144.464,112.718,80.291,41.2,14048.881,76,0.787
Africa,Morocco,4252.063,72.743,80.08,29.6,7485.013,76.68,0.667
Africa,Swaziland,4909.651,98.262,79.492,21.5,7738.975,60.19,0.588
Europe,Ukraine,6187.143,117.369,77.39,41.4,7894.393,72.06,0.751
Oceania,French Polynesia,11352.633,39.159,77.324,32.7,NA,77.66,NA
Africa,Cote d'Ivoire,765.137,4.549,76.399,18.7,3601.006,57.78,0.492
Asia,Uzbekistan,1848.237,15.298,76.134,28.2,6253.104,71.72,0.71
Africa,Tunisia,2754.637,40.445,74.228,32.7,10849.297,76.7,0.735
Europe,Croatia,5113.673,80.385,73.726,44,22669.797,78.49,0.831
Africa,Lesotho,842.571,19.606,73.562,22.2,2851.153,54.33,0.52
Africa,Burkina Faso,110.27,3.014,70.151,17.6,1703.102,61.58,0.423
Europe,Ireland,8943.059,370.611,69.874,38.7,67335.293,82.3,0.938
Europe,Bosnia and Herzegovina,9501.602,288.648,68.496,42.5,11713.895,77.4,0.768
South America,Ecuador,8398.26,693.474,66.939,28.1,10581.936,77.01,0.752
North America,Mexico,6401.321,654.76,66.444,29.3,17336.469,75.05,0.774
Africa,Guinea-Bissau,1211.891,20.325,66.191,19.4,1548.675,58.32,0.455
Europe,Bulgaria,3709.319,132.835,65.18,44.7,18563.307,75.05,0.813
Asia,Georgia,3218.961,25.569,65.032,38.7,9745.079,73.77,0.78
Africa,Tanzania,8.521,0.352,64.699,17.7,2683.304,65.46,0.538
Asia,Tajikistan,1079.617,8.283,64.281,23.3,2896.913,71.1,0.65
North America,Panama,28111.824,581.955,55.133,29.7,22267.037,78.51,0.789
Asia,Afghanistan,1027.375,38.019,54.422,18.6,1803.987,64.83,0.498
Asia,Yemen,68.933,20.016,53.508,20.3,1479.147,66.12,0.452
Africa,Guinea,847.801,5.33,51.755,19,1998.926,61.6,0.459
North America,Nicaragua,808.054,23.247,51.667,27.3,5321.444,74.48,0.658
Africa,Cameroon,803.628,15.935,50.885,18.8,3364.926,59.29,0.556
Asia,Iran,6052.758,346.1,49.831,32.4,19082.62,76.68,0.798
Oceania,Fiji,35.697,2.231,49.562,28.6,8702.975,67.44,0.741
Africa,Liberia,271.073,16.213,49.127,19.2,752.788,64.1,0.435
Europe,Belarus,8944.981,95.88,46.858,40.3,17167.967,74.79,0.808
Africa,South Africa,11710.544,303.969,46.754,27.3,12294.876,64.13,0.699
Europe,Montenegro,22717.502,339.138,46.28,39.1,16409.288,76.88,0.814
Africa,Equatorial Guinea,3610.873,59.16,45.194,22.4,22604.873,58.74,0.591
Europe,Lithuania,2338.472,38.938,45.135,43.5,29524.265,75.93,0.858
Africa,Eritrea,116.737,0,44.304,19.3,1510.459,66.32,0.44
South America,Colombia,18161.274,553.054,44.223,32.2,13254.949,77.29,0.747
Africa,Madagascar,605.034,8.559,43.951,19.6,1416.44,67.04,0.519
Africa,Zimbabwe,540.674,15.475,42.729,19.6,1899.775,61.49,0.535
Africa,Djibouti,5493.916,61.741,41.285,25.4,2705.406,67.11,0.476
North America,Bahamas,13129.12,274.636,39.497,34.3,27717.847,73.92,0.807
Africa,Mozambique,328.199,2.336,37.728,17.7,1136.103,60.85,0.437
North America,Turks and Caicos Islands,17976.135,154.967,37.312,NA,NA,80.22,NA
South America,Venezuela,2967.758,24.968,36.253,29,16745.022,72.06,0.761
Africa,Democratic Republic of Congo,121.38,3.071,35.879,17,808.133,60.68,0.457
North America,United States,23736.106,652.267,35.608,38.3,54225.446,78.86,0.924
Europe,Faeroe Islands,9761.588,0,35.308,NA,NA,80.67,NA
Asia,Kyrgyzstan,7694.594,167.684,32.333,26.3,3393.474,71.45,0.672
Europe,Latvia,1505.671,21.737,31.212,43.9,25063.846,75.29,0.847
Europe,Estonia,2946.012,51.261,31.033,42.7,29481.252,78.74,0.871
Asia,Laos,3.161,0,29.715,24.4,6397.36,67.92,0.601
South America,Peru,25900.097,1013.562,25.129,29.1,12236.706,76.74,0.75
South America,Brazil,24057.406,710.38,25.04,33.5,14103.452,75.88,0.759
South America,Chile,25333.475,700.767,24.282,35.4,22767.037,80.18,0.843
Africa,Angola,197.406,6.663,23.89,16.8,5819.495,61.15,0.581
Africa,Somalia,243.123,6.229,23.5,16.8,NA,57.4,NA
Africa,Sudan,312.229,19.065,23.258,19.7,4466.507,65.31,0.502
Africa,Zambia,847.859,18.766,22.995,17.7,3689.251,63.89,0.588
Asia,Bhutan,405.644,0,21.188,28.6,8708.597,71.78,0.612
South America,Uruguay,672.764,14.682,19.751,35.6,20551.409,77.91,0.804
Oceania,Papua New Guinea,64.267,0.782,18.22,22.6,3823.194,64.5,0.544
Oceania,New Zealand,314.792,5.184,18.206,37.9,36085.843,82.29,0.917
Europe,Finland,2255.845,62.447,18.136,42.8,40585.721,81.91,0.92
Africa,Algeria,1217.736,41.459,17.348,29.1,13913.839,76.88,0.754
South America,Paraguay,7177.958,155.345,17.144,26.5,8827.01,74.25,0.702
Africa,Niger,49.697,2.85,16.955,15.1,926,62.42,0.354
North America,Belize,6501.166,98.083,16.426,25,7824.362,74.62,0.708
South America,Argentina,20289.993,543.679,16.177,31.9,18933.907,76.67,0.825
Africa,Congo,934.381,16.672,15.405,19,4881.406,64.57,0.606
Oceania,New Caledonia,94.574,0,15.342,33.4,NA,77.55,NA
Asia,Saudi Arabia,9768.78,146.12,15.322,31.9,49045.411,75.13,0.853
Africa,Mali,162.759,6.518,15.196,16.4,2014.306,59.31,0.427
Asia,Oman,20994.896,206.203,14.98,30.7,37960.709,77.86,0.821
Europe,Norway,2884.763,51.095,14.462,39.7,64800.057,82.4,0.953
Africa,Chad,80.422,5.601,11.833,16.7,1768.153,54.24,0.404
South America,Bolivia,11901.11,715.41,10.202,25.4,6885.829,71.51,0.693
Europe,Russia,9087.49,157.372,8.823,39.6,24765.954,72.58,0.816
Africa,Gabon,3980.72,24.262,7.859,23.1,16562.413,66.47,0.702
Africa,Central African Republic,1005.225,12.837,7.479,18.3,661.24,53.28,0.367
Asia,Kazakhstan,7680.687,114.024,6.681,30.6,24055.588,73.6,0.8
Africa,Mauritania,1624.635,35.056,4.289,20.3,3597.633,64.92,0.52
Africa,Botswana,2142.774,8.505,4.044,25.8,15807.374,69.59,0.717
North America,Canada,4951.519,255.788,4.037,41.4,44017.591,82.43,0.926
South America,Guyana,4532.4,134.764,3.952,26.3,7435.047,69.91,0.654
Africa,Libya,6546.808,95.47,3.623,29,17881.509,72.91,0.706
South America,Suriname,8645.936,182.397,3.612,29.6,13767.119,71.68,0.72
Europe,Iceland,10748.718,29.304,3.404,37.3,46482.958,82.99,0.935
Oceania,Australia,1071.26,35.255,3.202,37.9,44648.71,83.44,0.939
Africa,Namibia,4722.706,50.769,3.078,22,9541.808,63.71,0.647
Asia,Mongolia,97.612,0,1.98,28.6,11840.846,69.87,0.741
North America,Greenland,281.829,0,0.137,NA,NA,71.7,NA
